amount,years,type,recommendation

1000,1,sip,low_risk
1500,2,sip,low_risk
2000,3,sip,balanced_growth
2500,4,sip,balanced_growth
3000,5,sip,balanced_growth
3500,6,sip,moderate_growth
4000,7,sip,moderate_growth
4500,8,sip,equity_growth
5000,10,sip,equity_growth
6000,12,sip,equity_growth
7000,15,sip,aggressive_growth
8000,18,sip,aggressive_growth
10000,20,sip,long_term_equity
12000,22,sip,long_term_equity
15000,25,sip,long_term_equity

20000,3,lumpsum,low_risk
30000,4,lumpsum,balanced_fund
40000,5,lumpsum,balanced_fund
50000,6,lumpsum,balanced_growth
70000,8,lumpsum,diversified_growth
100000,10,lumpsum,diversified_growth
150000,12,lumpsum,wealth_creation
200000,15,lumpsum,wealth_creation
300000,18,lumpsum,long_term_diversified
500000,20,lumpsum,long_term_diversified
700000,25,lumpsum,aggressive_wealth
1000000,30,lumpsum,aggressive_wealth

100000,5,emi,manageable_debt
150000,6,emi,manageable_debt
200000,7,emi,balanced_emi
300000,10,emi,balanced_emi
500000,12,emi,debt_planning
700000,15,emi,debt_planning
1000000,20,emi,debt_caution
1500000,25,emi,debt_caution
2000000,30,emi,high_debt_risk
3000000,35,emi,high_debt_risk

10000,1,brokerage,moderate_trading
20000,2,brokerage,moderate_trading
30000,3,brokerage,cost_optimized_trading
50000,5,brokerage,cost_optimized_trading
70000,7,brokerage,active_trading_strategy
100000,10,brokerage,active_trading_strategy
200000,12,brokerage,high_volume_trading
300000,15,brokerage,high_volume_trading
500000,18,brokerage,professional_trading
700000,20,brokerage,professional_trading

2500,2,sip,low_risk
3500,4,sip,balanced_growth
4500,6,sip,moderate_growth
5500,8,sip,equity_growth
7500,12,sip,aggressive_growth
9500,18,sip,long_term_equity

60000,5,lumpsum,balanced_growth
90000,8,lumpsum,diversified_growth
120000,10,lumpsum,wealth_creation
250000,15,lumpsum,long_term_diversified
800000,25,lumpsum,aggressive_wealth

250000,8,emi,balanced_emi
600000,15,emi,debt_planning
1200000,22,emi,debt_caution
2500000,32,emi,high_debt_risk

40000,4,brokerage,cost_optimized_trading
80000,8,brokerage,active_trading_strategy
250000,14,brokerage,high_volume_trading
600000,20,brokerage,professional_trading